{"BlackBack":{"loadFile":"BlackBack.jpg","positionX":0.0,"positionY":0.0,"positionZ":0.0,"rotateX":0.0,"rotateY":0.20000000298023224,"rotateZ":0.0,"scaleX":0.6499999761581421,"scaleY":0.6499999761581421,"scaleZ":1.0,"alpha":183.0}}